EventDateId,PlayerName,Position,Team,Opp,Minutes,FGM,FGA,FG2M,FG2A,FG3M,FG3A,FTM,FTA,Points,Rebounds,Assists,Steals,Blocks,Usage,Turnovers,Doubles,FantasyPointsDraftKings,FantasyPointsFanDuel
20210301,Aaron Holiday,SG,IND,PHI,19.1,0,7,0,3.7,1.3,3.3,0.9,1.1,8.1,1.4,1.8,0.6,0.2,19.64,0.8,0,14.4,14.08
20210301,Adam Mokoka,SG,CHI,DEN,0,0,0,0,0,0,0,0,0,0,0,0,0,0,0,0,0,0,0
20210301,Al-Farouq Aminu,PF,ORL,DAL,23.2,0,5.2,0,2.9,0.7,2.3,1.4,1.6,5.7,5,1.6,1.1,0.5,13.32,1.1,0,17.35,17.8
20210301,Andre Roberson,SG,BKN,SAS,20.2,0,3.5,0,2.5,0.2,1,0.3,0.7,4,4.3,0.8,0.8,0.8,9.91,0.6,0,13.58,14.56
20210301,Anfernee Simons,PG,POR,CHA,13.5,0,5.3,0,2.3,1.1,3,0.7,0.8,6.2,1.8,1.2,0.2,0.1,20.77,0.6,0,11.1,10.46
20210301,Ben McLemore,SG,HOU,CLE,0,0,0,0,0,0,0,0,0,0,0,0,0,0,0,0,0,0,0
20210301,Ben Simmons,PG,PHI,IND,35.9,0,11.5,0,11.3,0.1,0.2,3.8,5.9,17.1,9,8.4,1.7,0.8,21.42,3.6,1,44.2,44.4
20210301,Bismack Biyombo,C,CHA,POR,20,0,4.1,0,4.1,0,0,1.2,2,6.3,5,1.3,0.2,1,13.25,0.8,0,16.5,17.05
20210301,Boban Marjanovic,C,DAL,ORL,0,0,0,0,0,0,0,0,0,0,0,0,0,0,0,0,0,0,0
20210301,Bojan Bogdanovic,PF,UTA,NOP,29.9,0,11.9,0,5.7,2.5,6.2,2.8,3.2,16.3,3.6,2,0.5,0.1,21.12,1.6,1,25.45,23.82
20210301,Bol Bol,C,DEN,CHI,0,0,0,0,0,0,0,0,0,0,0,0,0,0,0,0,0,0,0
20210301,Brandon Ingram,SF,NOP,UTA,35.5,0,18,0,11.5,2.5,6.5,4.6,5.4,23.7,5,4.7,0.7,0.8,26.75,2.3,1,40.1,38.95
20210301,Brian Bowen,SG,IND,PHI,0,0,0,0,0,0,0,0,0,0,0,0,0,0,0,0,0,0,0
20210301,Brodric Thomas,SG,CLE,HOU,0,0,0,0,0,0,0,0,0,0,0,0,0,0,0,0,0,0,0
20210301,Bruce Brown,SG,BKN,SAS,26.4,0,7.4,0,6,0.4,1.4,1.4,1.9,9.8,6,1.6,0.9,0.5,15.89,1,0,22.2,22.6
20210301,Caleb Martin,SF,CHA,POR,12.8,0,4,0,2.3,0.6,1.7,0.7,0.9,5,2,1.2,0.5,0.3,17.89,0.6,0,10.9,11
20210301,Carmelo Anthony,PF,POR,CHA,24.5,0,10.8,0,7,1.4,3.8,1.9,2.3,13,3.9,1.5,0.8,0.7,23.45,1,1,23.33,23.43
20210301,Cassius Stanley,SG,IND,PHI,0,0,0,0,0,0,0,0,0,0,0,0,0,0,0,0,0,0,0
20210301,Cedi Osman,SF,CLE,HOU,23.6,0,9.1,0,4,1.9,5.1,0.9,1.3,10.8,3.7,2.8,0.7,0.1,20.43,1,1,21.68,20.84
20210301,Chasson Randle,SG,ORL,DAL,19.5,0,4.4,0,2.3,0.8,2.1,0.9,1.2,5.6,2.6,2.4,0.8,0.2,13.64,1.1,0,14.3,14.22
20210301,Chris Chiozza,PG,BKN,SAS,0,0,0,0,0,0,0,0,0,0,0,0,0,0,0,0,0,0,0
20210301,Chuma Okeke,PF,ORL,DAL,21.2,0,5.3,0,2.8,0.9,2.5,0.6,0.8,5.5,3.7,1.5,0.9,0.5,13.22,0.7,0,15.28,15.69
20210301,CJ Elleby,SF,POR,CHA,0,0,0,0,0,0,0,0,0,0,0,0,0,0,0,0,0,0,0
20210301,Coby White,PG,CHI,DEN,30.6,0,13.2,0,6.9,2.3,6.3,1.8,2.3,16,4.7,4.3,0.5,0.1,23.71,2.3,1,29.53,27.59
20210301,Cody Martin,SF,CHA,POR,26,0,5.9,0,3.8,0.5,2.1,1,1.6,7.2,4.7,2.9,1,0.2,13.94,1.3,0,19.43,19.49
20210301,Cody Zeller,C,CHA,POR,0,0,0,0,0,0,0,0,0,0,0,0,0,0,0,0,0,0,0
20210301,Collin Sexton,SG,CLE,HOU,37.3,0,18.6,0,14.1,1.7,4.5,4.5,5.4,24,3.3,4.4,1.2,0.2,28.91,2.9,1,36.93,35.86
20210301,Cristiano Felicio,PF,CHI,DEN,0,0,0,0,0,0,0,0,0,0,0,0,0,0,0,0,0,0,0
20210301,Damian Lillard,PG,POR,CHA,37,0,21.1,0,10,4.3,11.1,7.1,7.8,34,5.1,10.1,1.1,0.3,33.85,3.4,2,60.28,56.07
20210301,Damyean Dotson,SG,CLE,HOU,0,0,0,0,0,0,0,0,0,0,0,0,0,0,0,0,0,0,0
20210301,Daniel Gafford,C,CHI,DEN,0,0,0,0,0,0,0,0,0,0,0,0,0,0,0,0,0,0,0
20210301,Danny Green,SF,PHI,IND,31.4,0,8.4,0,2.2,2.4,6.2,0.6,0.8,10,4.1,2.1,1.2,0.7,14.05,1.4,1,22.58,22.37
20210301,Danuel House,SF,HOU,CLE,31.4,0,8.9,0,3.3,2,5.6,1.2,1.5,11.2,5.3,2.1,0.9,0.7,15.41,1,1,24.68,24.51
20210301,Darius Garland,PG,CLE,HOU,36.9,0,15.7,0,10.2,2,5.5,1.8,2,17,3,6.3,1.3,0.1,24.09,3.1,1,32.45,31.15
20210301,David Nwaba,SG,HOU,CLE,16.5,0,4.8,0,3.3,0.5,1.5,0.8,1.2,6.7,3.4,0.8,0.9,0.5,16.18,0.5,0,14.95,15.68
20210301,Dean Wade,PF,CLE,HOU,23.8,0,6.7,0,4,0.9,2.7,0.9,1.4,7.6,5.2,1.8,0.6,0.5,15.97,1.1,0,18.9,18.74
20210301,DeAndre Jordan,C,BKN,SAS,27.4,0,5.4,0,5.4,0,0,1.5,2.3,8.8,9.6,2,0.4,1.6,13.95,2,0,26.8,27.32
20210301,Dejounte Murray,PG,SAS,BKN,35.4,0,15.9,0,12.5,1.2,3.4,2.1,2.6,19.1,7.8,6.1,1.9,0.1,24.06,1.9,1,41.65,41.71
20210301,DeMar DeRozan,SF,SAS,BKN,35,0,14.4,0,13,0.3,1.4,6,7,21.6,5.1,7.3,0.8,0.3,24.76,1.8,1,40.38,40.17
20210301,Denzel Valentine,SG,CHI,DEN,19.6,0,7.8,0,3.4,1.6,4.4,0.2,0.3,8.4,4,1.9,0.7,0.1,19.35,0.7,0,18.3,17.75
20210301,Derrick Favors,C,UTA,NOP,16.3,0,3.8,0,3.8,0,0,0.8,1.2,5.8,5.3,0.8,0.5,1,12.81,0.6,0,16.33,17.26
20210301,Derrick Jones Jr.,SF,POR,CHA,30.5,0,7.1,0,4.3,0.8,2.8,1.8,2.5,10,5.8,1.2,1,1.2,13.23,0.8,1,23.45,24.56
20210301,Devon Dotson,SG,CHI,DEN,0,0,0,0,0,0,0,0,0,0,0,0,0,0,0,0,0,0,0
20210301,Domantas Sabonis,PF,IND,PHI,37.5,0,15.4,0,13.1,0.7,2.3,4.3,6,22.1,11.6,5.2,0.9,0.6,25.89,3.4,2,47.55,44.92
20210301,Donovan Mitchell,SG,UTA,NOP,35.4,0,20.8,0,12.2,3.3,8.6,4.8,5.7,26.9,4.6,5.5,1,0.3,31.48,3,1,43.65,41.57
20210301,Dorian Finney-Smith,SF,DAL,ORL,32.7,0,7.7,0,2.9,1.7,4.8,0.8,1.1,9,5.6,1.3,1.1,0.4,11.48,0.7,0,21.45,21.47
20210301,Doug McDermott,SF,IND,PHI,26,0,9.9,0,5,2,4.9,1.1,1.4,13.1,3.9,1.2,0.3,0.1,19.88,0.9,1,21.13,19.88
20210301,Drew Eubanks,PF,SAS,BKN,0,0,0,0,0,0,0,0,0,0,0,0,0,0,0,0,0,0,0
20210301,Dwayne Bacon,SF,ORL,DAL,26.6,0,9.9,0,7,1,2.9,1.5,2,10,3.3,1.3,0.8,0.1,19.2,0.8,1,17.98,17.81
20210301,Dwight Howard,C,PHI,IND,14.8,0,3.4,0,3.3,0,0.1,1.3,2.5,5.4,6.8,0.5,0.4,0.8,17.03,1.3,0,16.4,16.61
20210301,Dwight Powell,C,DAL,ORL,6.5,0,1.3,0,1.1,0.1,0.2,0.5,0.7,1.9,1.3,0.4,0.2,0.2,12.41,0.3,0,4.83,4.96
20210301,Dylan Windler,SG,CLE,HOU,23.5,0,6.4,0,3.5,1,2.9,1.1,1.4,8.3,5.3,1.8,0.7,0.7,15.79,1.2,0,20.33,20.36
20210301,Edmond Sumner,PG,IND,PHI,17.5,0,5.5,0,3.3,0.6,2.2,1,1.6,6.5,2.2,1.6,0.8,0.3,18.64,1,0,13.65,13.84
20210301,Elijah Hughes,SF,UTA,NOP,0,0,0,0,0,0,0,0,0,0,0,0,0,0,0,0,0,0,0
20210301,Enes Kanter,C,POR,CHA,33.3,0,10.9,0,10.9,0,0,2.4,3.1,14.2,14.7,1.5,0.7,0.9,18.8,1.7,2,38.68,37.19
20210301,Eric Bledsoe,SG,NOP,UTA,31.2,0,11.5,0,6.7,1.8,4.8,1.8,2.4,12.8,3.2,3.7,0.9,0.3,19.13,1.7,1,24.8,24.09
20210301,Eric Gordon,SF,HOU,CLE,30.3,0,13.6,0,5.3,2.8,8.3,3,3.8,17.9,2.6,2.7,0.7,0.5,25.81,1.8,1,28.1,26.87
20210301,Evan Fournier,SG,ORL,DAL,32.3,0,14.4,0,7.2,2.7,7.2,3.6,4.5,19.7,3.2,4.4,1.2,0.3,25.24,2.1,1,33.6,32.54
20210301,Facundo Campazzo,PG,DEN,CHI,0,0,0,0,0,0,0,0,0,0,0,0,0,0,0,0,0,0,0
20210301,Furkan Korkmaz,SG,PHI,IND,19.5,0,7.3,0,2.5,1.8,4.8,1,1.3,8.8,2.5,1.1,0.5,0.1,19.55,0.9,0,15.23,14.35
20210301,Garrett Temple,SG,CHI,DEN,31.2,0,8.4,0,3.4,1.7,5,1,1.3,9.6,3.5,2,0.9,0.6,14.18,1.1,0,20.28,20.2
20210301,Gary Clark,PF,ORL,DAL,11.2,0,2.2,0,0.3,0.6,1.9,0.2,0.2,2.4,2.2,0.4,0.2,0.2,10.19,0.3,0,6.7,6.54
20210301,Gary Trent,SG,POR,CHA,34.8,0,14.1,0,5.8,3.4,8.3,1.2,1.5,18.2,2.4,1.9,1,0.2,20.05,0.8,1,27.75,26.73
20210301,Georges Niang,PF,UTA,NOP,12.2,0,4.2,0,1.2,1.2,3,0.2,0.3,5.2,1.8,0.6,0.3,0.1,16.78,0.5,0,9.5,8.96
20210301,Goga Bitadze,C,IND,PHI,12.4,0,3.9,0,2.7,0.3,1.2,0.8,1,5.3,2.7,0.4,0.3,1,18.41,0.7,0,11.68,12.34
20210301,Gordon Hayward,SF,CHA,POR,0,0,0,0,0,0,0,0,0,0,0,0,0,0,0,0,0,0,0
20210301,Grant Riller,SG,CHA,POR,0,0,0,0,0,0,0,0,0,0,0,0,0,0,0,0,0,0,0
20210301,Greg Whittington,SF,DEN,CHI,0,0,0,0,0,0,0,0,0,0,0,0,0,0,0,0,0,0,0
20210301,Guillermo Hernangomez,C,NOP,UTA,19.2,0,6.4,0,5.6,0.2,0.8,1.7,2.4,8.3,6.9,1.4,0.4,0.5,18.44,1,0,20.43,20.38
20210301,Iman Shumpert,SG,BKN,SAS,0,0,0,0,0,0,0,0,0,0,0,0,0,0,0,0,0,0,0
20210301,Isaac Okoro,SF,CLE,HOU,30.2,0,7,0,4.4,0.8,2.6,1.4,2,8.1,3.2,2,1,0.6,13.88,1.4,0,18,18.34
20210301,Isaiah Hartenstein,C,DEN,CHI,11.2,0,3.3,0,2.8,0.1,0.5,0.8,1.2,4.3,3.2,0.8,0.5,0.6,17.36,0.8,0,11.35,11.84
20210301,Isaiah Joe,PG,PHI,IND,0,0,0,0,0,0,0,0,0,0,0,0,0,0,0,0,0,0,0
20210301,Jae'Sean Tate,SF,HOU,CLE,23.4,0,6.5,0,4.8,0.6,1.7,0.8,1.3,8.8,5.8,1.6,0.8,0.5,16,1.1,0,20.8,20.96
20210301,JaKarr Sampson,SF,IND,PHI,0,0,0,0,0,0,0,0,0,0,0,0,0,0,0,0,0,0,0
20210301,Jakob Poeltl,C,SAS,BKN,26.8,0,5.9,0,5.9,0,0,0.9,1.9,8.9,8.6,2.5,0.8,1.8,13.31,1.2,0,28,29.57
20210301,Jalen Brunson,PG,DAL,ORL,25.6,0,8.8,0,5.8,1.2,3,1.8,2.1,11.4,3.5,3.9,0.5,0,18.53,1.5,1,22.48,21.45
20210301,Jalen McDaniels,PF,CHA,POR,18.7,0,5,0,3.2,0.6,1.8,1,1.3,6.5,4.2,1.1,0.4,0.2,16.36,1.1,0,14.35,13.89
20210301,Jamal Murray,PG,DEN,CHI,38,0,18.1,0,10.9,2.8,7.2,3.5,4.1,23,4.6,5.1,1.2,0.3,24.66,2.4,1,39.6,38.27
20210301,James Harden,SG,BKN,SAS,37,0,16.4,0,8,3.1,8.4,6.1,7.1,28.6,8.7,9.9,1.1,0.8,28.89,4,1,57.68,55.59
20210301,James Johnson,PF,DAL,ORL,0,0,0,0,0,0,0,0,0,0,0,0,0,0,0,0,0,0,0
20210301,Jarrell Brantley,PF,UTA,NOP,0,0,0,0,0,0,0,0,0,0,0,0,0,0,0,0,0,0,0
20210301,Jarrett Allen,C,CLE,HOU,33.7,0,8.6,0,8.5,0,0.1,3.4,4.9,16.2,14.5,2.7,0.6,2.2,16.83,1.8,2,44.58,44.25
20210301,JaVale McGee,C,CLE,HOU,14.3,0,4.9,0,4.7,0,0.2,0.9,1.4,6.1,5.1,0.8,0.5,1.2,20.9,1.1,0,16.53,17.42
20210301,Jaxson Hayes,C,NOP,UTA,0,0,0,0,0,0,0,0,0,0,0,0,0,0,0,0,0,0,0
20210301,JJ Redick,SG,NOP,UTA,19.2,0,7,0,2.4,1.9,4.6,1.4,1.6,9,1.6,1.3,0.3,0.1,18.55,0.8,0,14.3,13.27
20210301,Joe Harris,SF,BKN,SAS,31,0,10.5,0,4.1,3,6.4,0.7,0.9,14.5,4,1.9,0.5,0.2,17.43,1,1,24.75,23.25
20210301,Joe Ingles,SF,UTA,NOP,25.6,0,7,0,2.3,2,4.7,0.9,1.2,10.5,3.3,4.6,0.5,0.2,15.1,1.6,1,23.13,21.86
20210301,Joel Embiid,C,PHI,IND,33.2,0,18.2,0,14.9,1.1,3.3,9.4,11.2,28.6,13,2.8,1.3,1.4,34.46,3.2,2,54.9,53.3
20210301,John Wall,PG,HOU,CLE,31.3,0,16.4,0,11,1.9,5.4,3.2,4.3,20.3,4,6.7,1.1,0.8,31.89,3.5,1,38.35,37.35
20210301,Jordan Clarkson,SG,UTA,NOP,25,0,14,0,6.4,2.8,7.6,1.5,1.8,17.4,3.4,2.1,0.8,0.2,27.78,1.6,1,27.4,26.03
20210301,Josh Green,SG,DAL,ORL,0,0,0,0,0,0,0,0,0,0,0,0,0,0,0,0,0,0,0
20210301,Josh Hart,SG,NOP,UTA,27.6,0,7,0,2.7,1.4,4.3,1.2,1.6,8.4,6.5,1.9,0.9,0.3,12.9,0.8,0,22.08,21.85
20210301,Josh Richardson,SG,DAL,ORL,31.3,0,10.7,0,6,1.6,4.7,1.9,2.2,13.3,3.5,2.2,1,0.3,17.78,1.5,1,23.63,23.2
20210301,Justin Holiday,SG,IND,PHI,32.8,0,8.7,0,2.5,2.6,6.2,1.1,1.4,11.5,4.1,1.5,1.2,0.5,13.97,0.8,1,23.18,22.97
20210301,Justin Patton,C,HOU,CLE,22.7,0,7.1,0,4.7,0.5,2.4,0.7,1,6.5,4.3,0.9,0.8,1.5,16.02,0.4,0,17.88,19.51
20210301,Juwan Morgan,PF,UTA,NOP,0,0,0,0,0,0,0,0,0,0,0,0,0,0,0,0,0,0,0
20210301,Karim Mane,PG,ORL,DAL,0,0,0,0,0,0,0,0,0,0,0,0,0,0,0,0,0,0,0
20210301,Keita Bates-Diop,SF,SAS,BKN,13.7,0,4.3,0,2.5,0.5,1.8,1.1,1.5,5.5,2.2,0.7,0.6,0.3,17.26,0.3,0,11.2,11.59
20210301,Kelan Martin,SF,IND,PHI,0,0,0,0,0,0,0,0,0,0,0,0,0,0,0,0,0,0,0
20210301,Keljin Blevins,SG,POR,CHA,0,0,0,0,0,0,0,0,0,0,0,0,0,0,0,0,0,0,0
20210301,Kenyon Martin,SF,HOU,CLE,0,0,0,0,0,0,0,0,0,0,0,0,0,0,0,0,0,0,0
20210301,Khem Birch,PF,ORL,DAL,0,0,0,0,0,0,0,0,0,0,0,0,0,0,0,0,0,0,0
20210301,Kira Lewis,PG,NOP,UTA,6.7,0,2.5,0,1.6,0.3,0.9,0.4,0.5,2.6,0.5,0.9,0.3,0.1,18.87,0.3,0,5.38,5.45
20210301,Kristaps Porzingis,PF,DAL,ORL,30.4,0,16.5,0,9.7,2.4,6.8,3.4,4.1,20,8.5,1.5,0.5,1.9,27.4,1.4,1,38.18,38.25
20210301,Kyrie Irving,PG,BKN,SAS,35.4,0,20,0,13.1,2.8,6.9,3.9,4.3,30.2,5.6,6.2,1.1,0.7,31.31,2.5,1,50.25,49.12
20210301,Lamar Stevens,PF,CLE,HOU,16.7,0,5.5,0,4.1,0.4,1.4,1.1,1.5,5.8,3.4,1.3,0.5,0.5,18.82,0.8,0,13.8,14.03
20210301,LaMarcus Aldridge,C,SAS,BKN,25.7,0,11.8,0,8.5,1.2,3.3,1.7,2.1,16.2,5.1,2.1,0.5,0.9,23.83,0.9,1,28.68,28.77
20210301,LaMelo Ball,PG,CHA,POR,37.4,0,16.2,0,9.5,2.1,6.7,2.2,3,19.6,8.8,8.6,1.7,0.4,25.76,3.5,1,47,45.86
20210301,Landry Shamet,SG,BKN,SAS,26.6,0,8.4,0,2.1,2.4,6.3,1.4,1.6,11.2,2.5,1.4,0.5,0.2,17.26,1,1,18.53,17.4
20210301,Lonnie Walker,SG,SAS,BKN,29.6,0,10.9,0,6.8,1.5,4.1,1.2,1.6,12.4,3.3,2.1,0.7,0.4,19.29,1.1,1,22.08,21.71
20210301,Lonzo Ball,PG,NOP,UTA,33.8,0,12.4,0,4.7,3,7.7,0.7,1.2,13.7,4.2,5.4,1.4,0.6,18.49,2,1,31.55,30.84
20210301,Luka Doncic,PG,DAL,ORL,36.4,0,21.8,0,13.7,2.8,8.1,6.9,9,29.3,9.4,9.6,1,0.7,35.25,4.6,1,57.95,55.48
20210301,Luka Samanic,PF,SAS,BKN,17.2,0,5.8,0,3.8,0.7,2,1.1,1.5,6.1,3.3,0.9,0.5,0.3,19.5,1,0,13.03,12.81
20210301,Luke Kornet,C,CHI,DEN,6,0,2,0,0.8,0.4,1.2,0.2,0.3,2.3,1.1,0.3,0.1,0.4,16.35,0.1,0,5.28,5.47
20210301,Malcolm Brogdon,PG,IND,PHI,34.7,0,17.1,0,11,2.4,6.1,2.7,3,21.1,4.8,5.8,1.1,0.2,26.91,2.2,1,38.5,37.26
20210301,Malik Monk,SG,CHA,POR,27.8,0,11.9,0,5.7,2.3,6.2,1.9,2.3,16.2,4,2.5,0.4,0.2,23.76,1.5,1,26.55,25.05
20210301,Mason Jones,SF,HOU,CLE,0,0,0,0,0,0,0,0,0,0,0,0,0,0,0,0,0,0,0
20210301,Matisse Thybulle,SF,PHI,IND,17.5,0,3.3,0,1.2,0.7,2.1,0.3,0.5,3.7,1.4,0.9,1.1,0.9,9.98,0.5,0,10.9,12.23
20210301,Maxi Kleber,PF,DAL,ORL,26.2,0,5.7,0,2,1.4,3.7,0.9,1,6.8,5.4,1.4,0.3,1.1,10.87,0.6,0,18.85,18.98
20210301,Michael Carter-Williams,PG,ORL,DAL,28.5,0,8.7,0,6.4,0.6,2.3,2.3,2.9,9.9,5.2,4.2,0.9,0.6,18.38,1.9,0,25.05,25.04
20210301,Michael Porter,SF,DEN,CHI,36,0,14.1,0,7.7,2.4,6.4,2.5,3,15.8,7.3,1.3,1.2,1.2,19.98,1.7,1,32.03,32.01
20210301,Mike Conley,PG,UTA,NOP,31.1,0,13.3,0,6.5,2.7,6.8,2.7,3.2,16.6,3.6,5.9,1.5,0.1,22.76,2,1,33.5,32.57
20210301,Mike Scott,PF,PHI,IND,20.9,0,5.6,0,1.8,1.4,3.8,0.5,0.6,6.4,3.7,0.8,0.4,0.1,13.44,0.6,0,13.63,12.94
20210301,Miles Bridges,SF,CHA,POR,30.2,0,9.3,0,5.3,1.4,4,1.3,1.5,11.8,6,2.3,0.7,0.8,17.7,1.7,1,25.6,25.25
20210301,Miye Oni,SG,UTA,NOP,0,0,0,0,0,0,0,0,0,0,0,0,0,0,0,0,0,0,0
20210301,Mohamed Bamba,C,ORL,DAL,13.8,0,5,0,3.2,0.6,1.8,0.7,1,5.8,5.3,0.7,0.4,1.2,18.99,0.5,0,16.73,17.51
20210301,Monte Morris,PG,DEN,CHI,33,0,10.7,0,6.8,1.4,3.9,1.8,2.1,12.4,2.6,4.6,1,0.3,15.95,0.9,1,25.4,25.42
20210301,Myles Turner,C,IND,PHI,31.7,0,9.8,0,5.1,1.6,4.7,2.4,3.2,13.8,6.6,1,1,2.9,18.01,1.4,1,31.45,33.52
20210301,Naji Marshall,SF,NOP,UTA,0,0,0,0,0,0,0,0,0,0,0,0,0,0,0,0,0,0,0
20210301,Nassir Little,PF,POR,CHA,13.4,0,4,0,2.4,0.5,1.6,0.8,1.1,5.1,3,0.5,0.3,0.4,17.01,0.6,0,10.95,10.95
20210301,Nate Darling,SG,CHA,POR,0,0,0,0,0,0,0,0,0,0,0,0,0,0,0,0,0,0,0
20210301,Nate Hinton,SG,DAL,ORL,0,0,0,0,0,0,0,0,0,0,0,0,0,0,0,0,0,0,0
20210301,Nick Richards,C,CHA,POR,0,0,0,0,0,0,0,0,0,0,0,0,0,0,0,0,0,0,0
20210301,Nickeil Alexander-Walker,PG,NOP,UTA,5,0,2.1,0,1.1,0.3,1,0.2,0.4,2.2,0.6,0.5,0.3,0.1,21.57,0.3,0,4.5,4.57
20210301,Nicolas Claxton,PF,BKN,SAS,15.4,0,4.2,0,3.1,0.3,1.1,1,1.6,5.9,4,1,0.5,0.9,17.12,0.9,0,14.9,15.5
20210301,Nicolo Melli,PF,NOP,UTA,0,0,0,0,0,0,0,0,0,0,0,0,0,0,0,0,0,0,0
20210301,Nikola Jokic,C,DEN,CHI,36.8,0,18.5,0,14.5,1.4,4,4.5,5.4,26.4,11.4,8.7,1.6,0.8,27.61,3.3,2,59.05,57.03
20210301,Nikola Vucevic,C,ORL,DAL,34.2,0,19.8,0,13.8,2.2,6,2.1,2.7,23.6,13.1,4.2,1.2,0.6,29.26,1.7,2,51.63,49.32
20210301,Patrick Williams,SF,CHI,DEN,31.8,0,9.2,0,6.4,0.9,2.8,1.8,2.2,11.1,5.7,1.3,1,0.8,16.54,1.8,1,23.33,23.49
20210301,Patty Mills,PG,SAS,BKN,29.1,0,12,0,4.1,3.1,7.9,1.5,1.7,14.5,1.8,2.7,0.8,0,21.39,1.1,1,23.4,22.01
20210301,Paul Reed,SF,PHI,IND,0,0,0,0,0,0,0,0,0,0,0,0,0,0,0,0,0,0,0
20210301,PJ Dozier,PG,DEN,CHI,20.3,0,6.5,0,4.2,0.8,2.3,0.8,1.2,6.6,3.6,1.6,0.7,0.4,16.41,0.9,0,15.65,15.72
20210301,PJ Tucker,PF,HOU,CLE,30.8,0,4.4,0,1.2,1.1,3.2,0.4,0.5,5.2,6.2,1.5,0.9,0.6,8.36,1,0,18.25,18.39
20210301,PJ Washington,PF,CHA,POR,32.3,0,10.8,0,6.5,1.5,4.3,1.9,2.9,14.7,7,3.4,1,1.2,20.12,2.1,1,32.65,32.7
20210301,Rayjon Tucker,SG,PHI,IND,0,0,0,0,0,0,0,0,0,0,0,0,0,0,0,0,0,0,0
20210301,Reggie Perry,PF,BKN,SAS,0,0,0,0,0,0,0,0,0,0,0,0,0,0,0,0,0,0,0
20210301,Robert Covington,PF,POR,CHA,35,0,8.5,0,2.8,1.9,5.7,0.8,1.1,9.2,7.1,2,1.8,1.2,13.3,1.4,0,27.33,28.32
20210301,Rodney Hood,SF,POR,CHA,18,0,5.1,0,3,0.7,2.1,0.5,0.6,6,1.6,1.3,0.6,0.1,15.11,0.7,0,11.35,11.27
20210301,Royce O'Neale,PF,UTA,NOP,32.8,0,6,0,1.9,1.6,4.1,0.6,0.8,7.6,6.6,2.6,0.9,0.6,9.62,1.1,0,23,22.82
20210301,Rudy Gobert,C,UTA,NOP,31.7,0,8.4,0,8.4,0,0,3.6,5.8,14.6,12.1,1.1,0.4,2.9,16.91,1.7,2,38.63,38.97
20210301,Ryan Arcidiacono,PG,CHI,DEN,11.1,0,2.7,0,1,0.6,1.7,0.3,0.4,3.3,1.7,1.2,0.3,0,12.97,0.4,0,7.93,7.64
20210301,Seth Curry,SG,PHI,IND,33.8,0,11.4,0,5.4,2.8,6,1.7,2.1,14.9,2.6,2.9,0.9,0.3,18.03,1.7,1,25.45,24.27
20210301,Shake Milton,SG,PHI,IND,28.5,0,11.9,0,6.6,2.1,5.3,2.5,3.1,15.8,2.7,4,0.6,0.3,22.67,1.6,1,27.23,26.14
20210301,Sindarius Thornwell,SF,NOP,UTA,0,0,0,0,0,0,0,0,0,0,0,0,0,0,0,0,0,0,0
20210301,Sterling Brown,SF,HOU,CLE,20.3,0,5.7,0,2.5,1.1,3.2,0.5,0.6,6.3,4.7,1.6,1,0.2,15.04,0.7,0,17.18,17.24
20210301,Steven Adams,C,NOP,UTA,27.8,0,6.1,0,6.1,0,0,1.2,2.2,8.4,8.5,2.2,0.9,0.7,12.91,1.5,0,24.78,25.2
20210301,Terrance Ferguson,SF,PHI,IND,0,0,0,0,0,0,0,0,0,0,0,0,0,0,0,0,0,0,0
20210301,Terrence Ross,SG,ORL,DAL,29.5,0,13.5,0,6.7,2.4,6.8,2.3,2.7,16,3.9,2.4,1.1,0.5,24.35,1.6,1,28.08,27.48
20210301,Terry Rozier,SG,CHA,POR,34.8,0,15.1,0,7.5,3.2,7.6,2.3,2.7,20.7,4.3,3.2,1.1,0.3,23.83,1.8,1,34.38,33.06
20210301,Thaddeus Young,PF,CHI,DEN,21.9,0,7.9,0,6.1,0.6,1.8,0.7,1.1,9.9,5.1,3.1,1.1,0.4,20.03,1.6,0,23.43,23.57
20210301,Tim Hardaway Jr.,SG,DAL,ORL,25.5,0,11.2,0,4.7,2.5,6.5,1.8,2.2,14.3,2.9,1.3,0.6,0.1,21.5,0.8,1,22.13,21.03
20210301,TJ McConnell,PG,IND,PHI,28.3,0,6.9,0,6.2,0.2,0.7,0.5,0.6,7.9,4.1,7.3,1.9,0.4,14.82,2.1,0,27.63,28.57
20210301,Tomas Satoransky,PG,CHI,DEN,23.4,0,5.7,0,3.8,0.8,1.9,1.3,1.5,7.7,3.1,4.7,0.6,0.2,14.95,1.6,0,19.83,19.27
20210301,Tony Bradley,C,PHI,IND,0,0,0,0,0,0,0,0,0,0,0,0,0,0,0,0,0,0,0
20210301,Tre Jones,PG,SAS,BKN,0,0,0,0,0,0,0,0,0,0,0,0,0,0,0,0,0,0,0
20210301,Trent Forrest,SG,UTA,NOP,0,0,0,0,0,0,0,0,0,0,0,0,0,0,0,0,0,0,0
20210301,Trey Burke,PG,DAL,ORL,8.9,0,3.3,0,1.9,0.5,1.4,0.4,0.5,3.8,0.7,1,0.3,0,18.14,0.3,0,6.88,6.74
20210301,Trey Lyles,PF,SAS,BKN,27.5,0,6.7,0,3.4,1.2,3.3,0.9,1.2,8.4,6.8,1.2,0.4,0.4,12.63,0.5,0,20.65,20.26
20210301,Tyler Bey,SF,DAL,ORL,0,0,0,0,0,0,0,0,0,0,0,0,0,0,0,0,0,0,0
20210301,Tyler Cook,PF,BKN,SAS,0,0,0,0,0,0,0,0,0,0,0,0,0,0,0,0,0,0,0
20210301,Tyler Johnson,SG,BKN,SAS,20.6,0,6.7,0,3.2,1.2,3.5,1,1.3,8,2.4,1.6,0.5,0.2,17.36,0.6,0,15.1,14.78
20210301,Tyrell Terry,PG,DAL,ORL,0,0,0,0,0,0,0,0,0,0,0,0,0,0,0,0,0,0,0
20210301,Tyrese Maxey,SG,PHI,IND,4.5,0,2,0,1.3,0.2,0.7,0.3,0.3,2.1,0.6,0.5,0.1,0,22.52,0.2,0,3.8,3.67
20210301,Vernon Carey,PF,CHA,POR,0,0,0,0,0,0,0,0,0,0,0,0,0,0,0,0,0,0,0
20210301,Victor Oladipo,SG,HOU,CLE,33.3,0,17.3,0,9.8,2.6,7.5,2.8,3.7,20.1,6.3,4.7,1.7,0.3,29.07,2.2,1,39.23,38.51
20210301,Vincent Poirier,C,PHI,IND,0,0,0,0,0,0,0,0,0,0,0,0,0,0,0,0,0,0,0
20210301,Vlatko Cancar,SF,DEN,CHI,11.5,0,3.4,0,2.1,0.4,1.3,0.5,0.6,3.8,2.2,0.6,0.6,0.2,16.31,0.8,0,8.85,8.94
20210301,Wendell Carter,C,CHI,DEN,28.9,0,9.2,0,8.1,0.3,1.1,2.9,3.8,13.6,8.3,1.7,0.7,0.8,19.42,1.9,1,28.73,28.71
20210301,Wenyen Gabriel,PF,NOP,UTA,0,0,0,0,0,0,0,0,0,0,0,0,0,0,0,0,0,0,0
20210301,Wenyen Gabriel,PF,NOP,CHA,0,0,0,0,0,0,0,0,0,0,0,0,0,0,0,0,0,0,0
20210301,Wes Iwundu,SF,DAL,ORL,0,0,0,0,0,0,0,0,0,0,0,0,0,0,0,0,0,0,0
20210301,Will Barton,SF,DEN,CHI,33.2,0,11.4,0,6.7,1.7,4.7,1.4,1.9,12.8,4.5,3.5,0.9,0.4,17.64,1.7,1,26.28,25.65
20210301,Will Magnay,C,NOP,UTA,0,0,0,0,0,0,0,0,0,0,0,0,0,0,0,0,0,0,0
20210301,Willie Cauley-Stein,C,DAL,ORL,16.5,0,3.8,0,3.7,0,0.1,0.7,1.1,4.7,4.1,0.8,0.4,0.7,12.26,0.5,0,12.98,13.62
20210301,Zach LaVine,SG,CHI,DEN,35.5,0,19.4,0,11.5,3.3,7.9,4.4,5.3,28.2,5.4,4.5,1.2,0.4,31.97,4.1,1,44.5,42.13
20210301,Zeke Nnaji,PF,DEN,CHI,20,0,5.5,0,4.1,0.5,1.4,1.3,1.7,5.7,3.1,0.3,0.4,0.4,15.02,0.9,0,11.43,11.37
20210301,Zion Williamson,PF,NOP,UTA,34,0,17,0,16.3,0.2,0.7,5.8,8.5,27.2,6.9,3.4,0.9,0.7,28.5,2.4,1,43.03,42.98
